[
{
    "user_name": "Kent",
    "chat": [{
            "user_name": "Loks",
            "is_sent_by_me": true,
            "text": "All the best, Kent"
        },
        {
            "user_name": "Kent",
            "is_sent_by_me": false,
            "text": "Thanks yar"
        }
    ]
},
{
    "user_name": "Luci",
    "chat": [{
            "user_name": "Loks",
            "is_sent_by_me": true,
            "text": "Have you catch them ?"
        },
        {
            "user_name": "Luci",
            "is_sent_by_me": false,
            "text": "No Yar, now i'll go"
        }
    ]
},{
    "user_name": "John",
    "chat": [{
            "user_name": "Loks",
            "is_sent_by_me": true,
            "text": "Hi John!"
        },
        {
            "user_name": "John",
            "is_sent_by_me": false,
            "text": "How Are you man"
        }
    ]
}
]
